url_path,views_total,views_unique
/jonescompneurolab/hnn,9,6
/jonescompneurolab/hnn/issues,7,7
/jonescompneurolab/hnn/discussions,6,4
/jonescompneurolab/hnn/pulls,4,1
/jonescompneurolab/hnn/wiki,2,2
/jonescompneurolab/hnn/blob/master/README.md,2,1
/jonescompneurolab/hnn/commit/39ae2c3a6c9257bb78e829882180abc9567d5be6,2,1
/jonescompneurolab/hnn/commit/72775f39f47e3dc2feb3787d7c3ee0876c947d75,2,1
/jonescompneurolab/hnn/commit/742f5a23236cdf71401d0bedc1b995cef0fdf92c,2,1
/jonescompneurolab/hnn/pull/347,2,1
